<?xml version="1.0" encoding="UTF-8"?>
<project-private xmlns="http://www.netbeans.org/ns/project-private/1">
    <editor-bookmarks xmlns="http://www.netbeans.org/ns/editor-bookmarks/2" lastBookmarkId="0"/>
    <open-files xmlns="http://www.netbeans.org/ns/projectui-open-files/2">
        <group>
            <file>file:/C:/Users/ManolisKod/Documents/NetBeansProjects/Menu/src/controller/Controller.java</file>
            <file>file:/C:/Users/ManolisKod/Documents/NetBeansProjects/Menu/src/controller/HIghtscoresMenu.java</file>
            <file>file:/C:/Users/ManolisKod/Documents/NetBeansProjects/Menu/src/controller/DifficultyMenu.java</file>
            <file>file:/C:/Users/ManolisKod/Documents/NetBeansProjects/Menu/src/controller/NameC.java</file>
            <file>file:/C:/Users/ManolisKod/Documents/NetBeansProjects/Menu/src/controller/SingletonDatabase.java</file>
            <file>file:/C:/Users/ManolisKod/Documents/NetBeansProjects/Menu/src/View/TimerThread.java</file>
            <file>file:/C:/Users/ManolisKod/Documents/NetBeansProjects/Menu/src/controller/Main.java</file>
            <file>file:/C:/Users/ManolisKod/Documents/NetBeansProjects/Menu/src/model/Board.java</file>
            <file>file:/C:/Users/ManolisKod/Documents/NetBeansProjects/Menu/src/controller/MainMenu.java</file>
            <file>file:/C:/Users/ManolisKod/Documents/NetBeansProjects/Menu/src/View/View.java</file>
        </group>
    </open-files>
</project-private>
